COMMON_NAME,SPECIES_ITIS,STOCK_ABBREV,SEX_TYPE,PURPOSE_CODE,SURVEY,SEASON,YEAR,INDEX_TYPE,INDEX,CV,LOWER_90_CI,UPPER_90_CI,STRATA_SAMPLING_COMPLETE,INCOMPLETE_INDEX
"SQUID, SHORTFIN ILLEX",082521,UNIT,NONE,10,"NMFS fall BTS",FALL,1967,"Abundance (numbers/tow)",1.5902,.168,1.169,2.0277,Y,
"SQUID, SHORTFIN ILLEX",082521,UNIT,NONE,10,"NMFS fall BTS",FALL,1968,"Abundance (numbers/tow)",1.7029,.1859,1.1881,2.2356,Y,
"SQUID, SHORTFIN ILLEX",082521,UNIT,NONE,10,"NMFS fall BTS",FALL,1969,"Abundance (numbers/tow)",.614,.2271,.4008,.8568,Y,
"SQUID, SHORTFIN ILLEX",082521,UNIT,NONE,10,"NMFS fall BTS",FALL,1970,"Abundance (numbers/tow)",2.5326,.2236,1.6423,3.5231,Y,
"SQUID, SHORTFIN ILLEX",082521,UNIT,NONE,10,"NMFS fall BTS",FALL,1971,"Abundance (numbers/tow)",1.7571,.1001,1.4883,2.0619,Y,
"SQUID, SHORTFIN ILLEX",082521,UNIT,NONE,10,"NMFS fall BTS",FALL,1972,"Abundance (numbers/tow)",2.2603,.22,1.4584,3.1113,Y,
"SQUID, SHORTFIN ILLEX",082521,UNIT,NONE,10,"NMFS fall BTS",FALL,1973,"Abundance (numbers/tow)",1.476,.2019,.9929,1.9824,Y,
"SQUID, SHORTFIN ILLEX",082521,UNIT,NONE,10,"NMFS fall BTS",FALL,1974,"Abundance (numbers/tow)",3.1487,.3633,1.4165,5.2456,Y,
"SQUID, SHORTFIN ILLEX",082521,UNIT,NONE,10,"NMFS fall BTS",FALL,1975,"Abundance (numbers/tow)",10.4684,.3307,5.3922,15.7002,Y,
"SQUID, SHORTFIN ILLEX",082521,UNIT,NONE,10,"NMFS fall BTS",FALL,1976,"Abundance (numbers/tow)",23.3584,.2014,15.9705,31.696,Y,
"SQUID, SHORTFIN ILLEX",082521,UNIT,NONE,10,"NMFS fall BTS",FALL,1977,"Abundance (numbers/tow)",12.5498,.1863,9.2267,17.0189,Y,
"SQUID, SHORTFIN ILLEX",082521,UNIT,NONE,10,"NMFS fall BTS",FALL,1978,"Abundance (numbers/tow)",20.7448,.1824,15.0762,27.3921,Y,
"SQUID, SHORTFIN ILLEX",082521,UNIT,NONE,10,"NMFS fall BTS",FALL,1979,"Abundance (numbers/tow)",25.9652,.1327,20.551,32.0231,N,25.9652
"SQUID, SHORTFIN ILLEX",082521,UNIT,NONE,10,"NMFS fall BTS",FALL,1980,"Abundance (numbers/tow)",14.0286,.1431,10.944,17.6522,N,14.0286
"SQUID, SHORTFIN ILLEX",082521,UNIT,NONE,10,"NMFS fall BTS",FALL,1981,"Abundance (numbers/tow)",36.5663,.3047,20.6514,57.0068,Y,
"SQUID, SHORTFIN ILLEX",082521,UNIT,NONE,10,"NMFS fall BTS",FALL,1982,"Abundance (numbers/tow)",3.7263,.1101,3.0588,4.3968,Y,
"SQUID, SHORTFIN ILLEX",082521,UNIT,NONE,10,"NMFS fall BTS",FALL,1983,"Abundance (numbers/tow)",1.7641,.1185,1.4316,2.1189,N,1.7641
"SQUID, SHORTFIN ILLEX",082521,UNIT,NONE,10,"NMFS fall BTS",FALL,1984,"Abundance (numbers/tow)",4.694,.141,3.6552,5.8229,N,4.694
"SQUID, SHORTFIN ILLEX",082521,UNIT,NONE,10,"NMFS fall BTS",FALL,1985,"Abundance (numbers/tow)",2.1891,.117,1.8022,2.6441,Y,
"SQUID, SHORTFIN ILLEX",082521,UNIT,NONE,10,"NMFS fall BTS",FALL,1986,"Abundance (numbers/tow)",2.3624,.128,1.8926,2.8793,Y,
"SQUID, SHORTFIN ILLEX",082521,UNIT,NONE,10,"NMFS fall BTS",FALL,1987,"Abundance (numbers/tow)",19.9704,.3687,9.7251,33.9642,N,19.9704
"SQUID, SHORTFIN ILLEX",082521,UNIT,NONE,10,"NMFS fall BTS",FALL,1988,"Abundance (numbers/tow)",30.5689,.3764,15.0337,51.3476,N,30.5689
"SQUID, SHORTFIN ILLEX",082521,UNIT,NONE,10,"NMFS fall BTS",FALL,1989,"Abundance (numbers/tow)",17.2654,.2059,12.0576,23.8964,N,17.2654
"SQUID, SHORTFIN ILLEX",082521,UNIT,NONE,10,"NMFS fall BTS",FALL,1990,"Abundance (numbers/tow)",20.7556,.0799,18.1158,23.5571,N,20.7556
"SQUID, SHORTFIN ILLEX",082521,UNIT,NONE,10,"NMFS fall BTS",FALL,1991,"Abundance (numbers/tow)",6.9001,.1277,5.6788,8.4504,N,6.9001
"SQUID, SHORTFIN ILLEX",082521,UNIT,NONE,10,"NMFS fall BTS",FALL,1992,"Abundance (numbers/tow)",8.4205,.1167,6.8188,10.1164,N,8.4205
"SQUID, SHORTFIN ILLEX",082521,UNIT,NONE,10,"NMFS fall BTS",FALL,1993,"Abundance (numbers/tow)",13.9311,.202,9.7886,19.0646,N,13.9311
"SQUID, SHORTFIN ILLEX",082521,UNIT,NONE,10,"NMFS fall BTS",FALL,1994,"Abundance (numbers/tow)",6.9998,.1978,4.6806,9.1531,N,6.9998
"SQUID, SHORTFIN ILLEX",082521,UNIT,NONE,10,"NMFS fall BTS",FALL,1995,"Abundance (numbers/tow)",8.0958,.2219,5.0268,11.0007,N,8.0958
"SQUID, SHORTFIN ILLEX",082521,UNIT,NONE,10,"NMFS fall BTS",FALL,1996,"Abundance (numbers/tow)",12.1054,.2203,8.1295,16.9761,N,12.1054
"SQUID, SHORTFIN ILLEX",082521,UNIT,NONE,10,"NMFS fall BTS",FALL,1997,"Abundance (numbers/tow)",5.725,.1746,4.0954,7.3867,N,5.725
"SQUID, SHORTFIN ILLEX",082521,UNIT,NONE,10,"NMFS fall BTS",FALL,1998,"Abundance (numbers/tow)",14.787,.3712,5.3692,23.9966,N,14.787
"SQUID, SHORTFIN ILLEX",082521,UNIT,NONE,10,"NMFS fall BTS",FALL,1999,"Abundance (numbers/tow)",1.3916,.1222,1.1214,1.6728,N,1.3916
"SQUID, SHORTFIN ILLEX",082521,UNIT,NONE,10,"NMFS fall BTS",FALL,2000,"Abundance (numbers/tow)",7.3358,.206,4.8091,9.8503,N,7.3358
"SQUID, SHORTFIN ILLEX",082521,UNIT,NONE,10,"NMFS fall BTS",FALL,2001,"Abundance (numbers/tow)",4.3328,.1745,3.0604,5.5357,N,4.3328
"SQUID, SHORTFIN ILLEX",082521,UNIT,NONE,10,"NMFS fall BTS",FALL,2002,"Abundance (numbers/tow)",7.5379,.2246,4.9947,10.5056,N,7.5379
"SQUID, SHORTFIN ILLEX",082521,UNIT,NONE,10,"NMFS fall BTS",FALL,2003,"Abundance (numbers/tow)",28.7151,.4242,9.1723,47.258,N,28.7151
"SQUID, SHORTFIN ILLEX",082521,UNIT,NONE,10,"NMFS fall BTS",FALL,2004,"Abundance (numbers/tow)",4.9791,.0928,4.2345,5.7737,N,4.9791
"SQUID, SHORTFIN ILLEX",082521,UNIT,NONE,10,"NMFS fall BTS",FALL,2005,"Abundance (numbers/tow)",10.7912,.2618,6.119,15.2061,N,10.7912
"SQUID, SHORTFIN ILLEX",082521,UNIT,NONE,10,"NMFS fall BTS",FALL,2006,"Abundance (numbers/tow)",27.8057,.3164,14.0404,41.5636,N,27.8057
"SQUID, SHORTFIN ILLEX",082521,UNIT,NONE,10,"NMFS fall BTS",FALL,2007,"Abundance (numbers/tow)",14.9561,.0713,13.2833,16.8154,N,14.9561
"SQUID, SHORTFIN ILLEX",082521,UNIT,NONE,10,"NMFS fall BTS",FALL,2008,"Abundance (numbers/tow)",9.5218,.1242,7.6218,11.5337,N,9.5218
"SQUID, SHORTFIN ILLEX",082521,UNIT,NONE,10,"NMFS fall BTS",FALL,2009,"Abundance (numbers/tow)",9.2093,.1869,6.7115,12.3699,N,9.2093
"SQUID, SHORTFIN ILLEX",082521,UNIT,NONE,10,"NMFS fall BTS",FALL,2010,"Abundance (numbers/tow)",9.7021,.1712,7.1313,12.4455,N,9.7021
"SQUID, SHORTFIN ILLEX",082521,UNIT,NONE,10,"NMFS fall BTS",FALL,2011,"Abundance (numbers/tow)",6.5335,.1755,4.758,8.515,N,6.5335
"SQUID, SHORTFIN ILLEX",082521,UNIT,NONE,10,"NMFS fall BTS",FALL,2012,"Abundance (numbers/tow)",7.9369,.1103,6.5441,9.4112,N,7.9369
"SQUID, SHORTFIN ILLEX",082521,UNIT,NONE,10,"NMFS fall BTS",FALL,2013,"Abundance (numbers/tow)",5.408,.2333,3.6957,7.715,N,5.408
"SQUID, SHORTFIN ILLEX",082521,UNIT,NONE,10,"NMFS fall BTS",FALL,2014,"Abundance (numbers/tow)",7.9684,.1014,6.7334,9.2911,N,7.9684
"SQUID, SHORTFIN ILLEX",082521,UNIT,NONE,10,"NMFS fall BTS",FALL,2015,"Abundance (numbers/tow)",8.5982,.2529,5.3991,12.7033,N,8.5982
"SQUID, SHORTFIN ILLEX",082521,UNIT,NONE,10,"NMFS fall BTS",FALL,2016,"Abundance (numbers/tow)",7.543,.1584,5.6317,9.4448,N,7.543
"SQUID, SHORTFIN ILLEX",082521,UNIT,NONE,10,"NMFS fall BTS",FALL,2017,"Abundance (numbers/tow)",8.3025,.2811,4.9041,12.2921,N,8.3025
"SQUID, SHORTFIN ILLEX",082521,UNIT,NONE,10,"NMFS fall BTS",FALL,2018,"Abundance (numbers/tow)",16.0593,.1784,11.5603,21.061,N,16.0593
"SQUID, SHORTFIN ILLEX",082521,UNIT,NONE,10,"NMFS fall BTS",FALL,2019,"Abundance (numbers/tow)",8.4689,.2489,5.6491,12.425,N,8.4689
"SQUID, SHORTFIN ILLEX",082521,UNIT,NONE,10,"NMFS fall BTS",FALL,2020,"Abundance (numbers/tow)",,,,,,
"SQUID, SHORTFIN ILLEX",082521,UNIT,NONE,10,"NMFS fall BTS",FALL,2021,"Abundance (numbers/tow)",11.4999,.163,8.6394,14.5584,N,11.4999
"SQUID, SHORTFIN ILLEX",082521,UNIT,NONE,10,"NMFS fall BTS",FALL,2022,"Abundance (numbers/tow)",13.9009,.2507,8.8415,19.721,N,13.9009
"SQUID, SHORTFIN ILLEX",082521,UNIT,NONE,10,"NMFS fall BTS",FALL,2023,"Abundance (numbers/tow)",7.8177,.168,5.855,10.1921,N,7.8177
"SQUID, SHORTFIN ILLEX",082521,UNIT,NONE,10,"NMFS fall BTS",FALL,2024,"Abundance (numbers/tow)",6.3041,.1536,4.82,8.102,N,6.3041
"SQUID, SHORTFIN ILLEX",082521,UNIT,NONE,10,"NMFS fall BTS",FALL,2025,"Abundance (numbers/tow)",17.7623,.2834,10.476,26.7741,N,17.7623
"SQUID, SHORTFIN ILLEX",082521,UNIT,NONE,10,"NMFS spring BTS",SPRING,1968,"Abundance (numbers/tow)",.2091,.3463,.0973,.3337,Y,
"SQUID, SHORTFIN ILLEX",082521,UNIT,NONE,10,"NMFS spring BTS",SPRING,1969,"Abundance (numbers/tow)",1.731,.3977,.6507,2.8744,Y,
"SQUID, SHORTFIN ILLEX",082521,UNIT,NONE,10,"NMFS spring BTS",SPRING,1970,"Abundance (numbers/tow)",.5881,.3136,.2536,.9253,Y,
"SQUID, SHORTFIN ILLEX",082521,UNIT,NONE,10,"NMFS spring BTS",SPRING,1971,"Abundance (numbers/tow)",.0661,.2708,.0374,.097,Y,
"SQUID, SHORTFIN ILLEX",082521,UNIT,NONE,10,"NMFS spring BTS",SPRING,1972,"Abundance (numbers/tow)",.022,.3619,.0105,.0353,Y,
"SQUID, SHORTFIN ILLEX",082521,UNIT,NONE,10,"NMFS spring BTS",SPRING,1973,"Abundance (numbers/tow)",.0346,.4497,.013,.064,Y,
"SQUID, SHORTFIN ILLEX",082521,UNIT,NONE,10,"NMFS spring BTS",SPRING,1974,"Abundance (numbers/tow)",.7696,.3186,.4044,1.2022,Y,
"SQUID, SHORTFIN ILLEX",082521,UNIT,NONE,10,"NMFS spring BTS",SPRING,1975,"Abundance (numbers/tow)",.1855,.2711,.1048,.2641,N,.1855
"SQUID, SHORTFIN ILLEX",082521,UNIT,NONE,10,"NMFS spring BTS",SPRING,1976,"Abundance (numbers/tow)",.2438,.1767,.173,.3116,Y,
"SQUID, SHORTFIN ILLEX",082521,UNIT,NONE,10,"NMFS spring BTS",SPRING,1977,"Abundance (numbers/tow)",.2025,.1397,.1566,.252,Y,
"SQUID, SHORTFIN ILLEX",082521,UNIT,NONE,10,"NMFS spring BTS",SPRING,1978,"Abundance (numbers/tow)",.8729,.4184,.204,1.4306,Y,
"SQUID, SHORTFIN ILLEX",082521,UNIT,NONE,10,"NMFS spring BTS",SPRING,1979,"Abundance (numbers/tow)",.5648,.2023,.3925,.7662,Y,
"SQUID, SHORTFIN ILLEX",082521,UNIT,NONE,10,"NMFS spring BTS",SPRING,1980,"Abundance (numbers/tow)",.4174,.1892,.2948,.5483,Y,
"SQUID, SHORTFIN ILLEX",082521,UNIT,NONE,10,"NMFS spring BTS",SPRING,1981,"Abundance (numbers/tow)",1.1782,.274,.6957,1.7565,N,1.1782
"SQUID, SHORTFIN ILLEX",082521,UNIT,NONE,10,"NMFS spring BTS",SPRING,1982,"Abundance (numbers/tow)",.6308,.1579,.4689,.7959,Y,
"SQUID, SHORTFIN ILLEX",082521,UNIT,NONE,10,"NMFS spring BTS",SPRING,1983,"Abundance (numbers/tow)",.0709,.2366,.0441,.0991,Y,
"SQUID, SHORTFIN ILLEX",082521,UNIT,NONE,10,"NMFS spring BTS",SPRING,1984,"Abundance (numbers/tow)",.2495,.6498,.0427,.5533,Y,
"SQUID, SHORTFIN ILLEX",082521,UNIT,NONE,10,"NMFS spring BTS",SPRING,1985,"Abundance (numbers/tow)",.9994,.6642,.1756,2.4977,Y,
"SQUID, SHORTFIN ILLEX",082521,UNIT,NONE,10,"NMFS spring BTS",SPRING,1986,"Abundance (numbers/tow)",.236,.5902,.0593,.534,Y,
"SQUID, SHORTFIN ILLEX",082521,UNIT,NONE,10,"NMFS spring BTS",SPRING,1987,"Abundance (numbers/tow)",.34,.3807,.1511,.5881,N,.34
"SQUID, SHORTFIN ILLEX",082521,UNIT,NONE,10,"NMFS spring BTS",SPRING,1988,"Abundance (numbers/tow)",.1591,.3276,.0797,.2458,N,.1591
"SQUID, SHORTFIN ILLEX",082521,UNIT,NONE,10,"NMFS spring BTS",SPRING,1989,"Abundance (numbers/tow)",.3208,.221,.2064,.446,N,.3208
"SQUID, SHORTFIN ILLEX",082521,UNIT,NONE,10,"NMFS spring BTS",SPRING,1990,"Abundance (numbers/tow)",.4371,.2682,.2551,.6401,N,.4371
"SQUID, SHORTFIN ILLEX",082521,UNIT,NONE,10,"NMFS spring BTS",SPRING,1991,"Abundance (numbers/tow)",1.3189,.2993,.7007,1.9311,N,1.3189
"SQUID, SHORTFIN ILLEX",082521,UNIT,NONE,10,"NMFS spring BTS",SPRING,1992,"Abundance (numbers/tow)",.6011,.226,.3779,.8213,N,.6011
"SQUID, SHORTFIN ILLEX",082521,UNIT,NONE,10,"NMFS spring BTS",SPRING,1993,"Abundance (numbers/tow)",.4086,.1821,.2894,.5382,N,.4086
"SQUID, SHORTFIN ILLEX",082521,UNIT,NONE,10,"NMFS spring BTS",SPRING,1994,"Abundance (numbers/tow)",.9042,.3317,.458,1.3666,N,.9042
"SQUID, SHORTFIN ILLEX",082521,UNIT,NONE,10,"NMFS spring BTS",SPRING,1995,"Abundance (numbers/tow)",.9296,.2569,.5772,1.333,N,.9296
"SQUID, SHORTFIN ILLEX",082521,UNIT,NONE,10,"NMFS spring BTS",SPRING,1996,"Abundance (numbers/tow)",.17,.4334,.0675,.2951,N,.17
"SQUID, SHORTFIN ILLEX",082521,UNIT,NONE,10,"NMFS spring BTS",SPRING,1997,"Abundance (numbers/tow)",2.8406,.3246,1.3535,4.2993,N,2.8406
"SQUID, SHORTFIN ILLEX",082521,UNIT,NONE,10,"NMFS spring BTS",SPRING,1998,"Abundance (numbers/tow)",1.4254,.4292,.3312,2.5285,N,1.4254
"SQUID, SHORTFIN ILLEX",082521,UNIT,NONE,10,"NMFS spring BTS",SPRING,1999,"Abundance (numbers/tow)",.8414,.2018,.5574,1.1199,N,.8414
"SQUID, SHORTFIN ILLEX",082521,UNIT,NONE,10,"NMFS spring BTS",SPRING,2000,"Abundance (numbers/tow)",.2235,.1568,.1659,.2757,N,.2235
"SQUID, SHORTFIN ILLEX",082521,UNIT,NONE,10,"NMFS spring BTS",SPRING,2001,"Abundance (numbers/tow)",.614,.283,.3448,.9244,N,.614
"SQUID, SHORTFIN ILLEX",082521,UNIT,NONE,10,"NMFS spring BTS",SPRING,2002,"Abundance (numbers/tow)",.3318,.3304,.152,.51,N,.3318
"SQUID, SHORTFIN ILLEX",082521,UNIT,NONE,10,"NMFS spring BTS",SPRING,2003,"Abundance (numbers/tow)",.1203,.2528,.0746,.1727,N,.1203
"SQUID, SHORTFIN ILLEX",082521,UNIT,NONE,10,"NMFS spring BTS",SPRING,2004,"Abundance (numbers/tow)",.6416,.6104,.1251,1.1677,N,.6416
"SQUID, SHORTFIN ILLEX",082521,UNIT,NONE,10,"NMFS spring BTS",SPRING,2005,"Abundance (numbers/tow)",.0627,.1504,.0477,.0795,N,.0627
"SQUID, SHORTFIN ILLEX",082521,UNIT,NONE,10,"NMFS spring BTS",SPRING,2006,"Abundance (numbers/tow)",.7372,.2062,.4842,.9785,N,.7372
"SQUID, SHORTFIN ILLEX",082521,UNIT,NONE,10,"NMFS spring BTS",SPRING,2007,"Abundance (numbers/tow)",.6729,.2857,.3748,1.0008,N,.6729
"SQUID, SHORTFIN ILLEX",082521,UNIT,NONE,10,"NMFS spring BTS",SPRING,2008,"Abundance (numbers/tow)",.3769,.2381,.2277,.5177,N,.3769
"SQUID, SHORTFIN ILLEX",082521,UNIT,NONE,10,"NMFS spring BTS",SPRING,2009,"Abundance (numbers/tow)",2.0917,.2603,1.2218,2.9911,N,2.0917
"SQUID, SHORTFIN ILLEX",082521,UNIT,NONE,10,"NMFS spring BTS",SPRING,2010,"Abundance (numbers/tow)",1.1615,.5171,.4184,2.3079,N,1.1615
"SQUID, SHORTFIN ILLEX",082521,UNIT,NONE,10,"NMFS spring BTS",SPRING,2011,"Abundance (numbers/tow)",2.0416,.3597,.9918,3.3142,N,2.0416
"SQUID, SHORTFIN ILLEX",082521,UNIT,NONE,10,"NMFS spring BTS",SPRING,2012,"Abundance (numbers/tow)",7.4781,.1342,5.7877,9.1672,N,7.4781
"SQUID, SHORTFIN ILLEX",082521,UNIT,NONE,10,"NMFS spring BTS",SPRING,2013,"Abundance (numbers/tow)",.1246,.1678,.0918,.1626,N,.1246
"SQUID, SHORTFIN ILLEX",082521,UNIT,NONE,10,"NMFS spring BTS",SPRING,2014,"Abundance (numbers/tow)",5.8519,.6232,1.1022,10.72,N,5.8519
"SQUID, SHORTFIN ILLEX",082521,UNIT,NONE,10,"NMFS spring BTS",SPRING,2015,"Abundance (numbers/tow)",1.8879,.2506,1.1261,2.7008,N,1.8879
"SQUID, SHORTFIN ILLEX",082521,UNIT,NONE,10,"NMFS spring BTS",SPRING,2016,"Abundance (numbers/tow)",12.045,.312,6.2382,18.7942,N,12.045
"SQUID, SHORTFIN ILLEX",082521,UNIT,NONE,10,"NMFS spring BTS",SPRING,2017,"Abundance (numbers/tow)",1.4166,.1968,.99,1.9005,N,1.4166
"SQUID, SHORTFIN ILLEX",082521,UNIT,NONE,10,"NMFS spring BTS",SPRING,2018,"Abundance (numbers/tow)",1.895,.195,1.2732,2.4808,N,1.895
"SQUID, SHORTFIN ILLEX",082521,UNIT,NONE,10,"NMFS spring BTS",SPRING,2019,"Abundance (numbers/tow)",10.2111,.5664,2.6672,18.5442,N,10.2111
"SQUID, SHORTFIN ILLEX",082521,UNIT,NONE,10,"NMFS spring BTS",SPRING,2020,"Abundance (numbers/tow)",2.541,.3534,1.0271,4.1566,N,2.541
"SQUID, SHORTFIN ILLEX",082521,UNIT,NONE,10,"NMFS spring BTS",SPRING,2021,"Abundance (numbers/tow)",8.9278,.4366,3.3391,15.9296,N,8.9278
"SQUID, SHORTFIN ILLEX",082521,UNIT,NONE,10,"NMFS spring BTS",SPRING,2022,"Abundance (numbers/tow)",2.9733,.2071,2.0344,4.0598,N,2.9733
"SQUID, SHORTFIN ILLEX",082521,UNIT,NONE,10,"NMFS spring BTS",SPRING,2023,"Abundance (numbers/tow)",12.2552,.6708,2.8371,28.6335,N,12.2552
"SQUID, SHORTFIN ILLEX",082521,UNIT,NONE,10,"NMFS spring BTS",SPRING,2024,"Abundance (numbers/tow)",1.6044,.4787,.5307,2.7383,N,1.6044
"SQUID, SHORTFIN ILLEX",082521,UNIT,NONE,10,"NMFS spring BTS",SPRING,2025,"Abundance (numbers/tow)",.639,.1777,.4655,.8372,N,.639
"SQUID, SHORTFIN ILLEX",082521,UNIT,NONE,10,"NMFS fall BTS",FALL,1967,"Biomass (kg/tow)",.2523,.1556,.1889,.3169,Y,
"SQUID, SHORTFIN ILLEX",082521,UNIT,NONE,10,"NMFS fall BTS",FALL,1968,"Biomass (kg/tow)",.3337,.1418,.2565,.4141,Y,
"SQUID, SHORTFIN ILLEX",082521,UNIT,NONE,10,"NMFS fall BTS",FALL,1969,"Biomass (kg/tow)",.0998,.2185,.0649,.138,Y,
"SQUID, SHORTFIN ILLEX",082521,UNIT,NONE,10,"NMFS fall BTS",FALL,1970,"Biomass (kg/tow)",.2789,.1224,.2241,.3384,Y,
"SQUID, SHORTFIN ILLEX",082521,UNIT,NONE,10,"NMFS fall BTS",FALL,1971,"Biomass (kg/tow)",.3769,.129,.3031,.4628,Y,
"SQUID, SHORTFIN ILLEX",082521,UNIT,NONE,10,"NMFS fall BTS",FALL,1972,"Biomass (kg/tow)",.324,.118,.2614,.3869,Y,
"SQUID, SHORTFIN ILLEX",082521,UNIT,NONE,10,"NMFS fall BTS",FALL,1973,"Biomass (kg/tow)",.3758,.2053,.2524,.5072,Y,
"SQUID, SHORTFIN ILLEX",082521,UNIT,NONE,10,"NMFS fall BTS",FALL,1974,"Biomass (kg/tow)",.4785,.343,.2623,.8018,Y,
"SQUID, SHORTFIN ILLEX",082521,UNIT,NONE,10,"NMFS fall BTS",FALL,1975,"Biomass (kg/tow)",1.479,.1422,1.1489,1.8421,Y,
"SQUID, SHORTFIN ILLEX",082521,UNIT,NONE,10,"NMFS fall BTS",FALL,1976,"Biomass (kg/tow)",7.4807,.1975,5.2024,10.1775,Y,
"SQUID, SHORTFIN ILLEX",082521,UNIT,NONE,10,"NMFS fall BTS",FALL,1977,"Biomass (kg/tow)",3.0153,.1967,2.1764,4.1145,Y,
"SQUID, SHORTFIN ILLEX",082521,UNIT,NONE,10,"NMFS fall BTS",FALL,1978,"Biomass (kg/tow)",3.6843,.2336,2.483,5.2816,Y,
"SQUID, SHORTFIN ILLEX",082521,UNIT,NONE,10,"NMFS fall BTS",FALL,1979,"Biomass (kg/tow)",6.2312,.1259,5.0112,7.6081,N,6.2312
"SQUID, SHORTFIN ILLEX",082521,UNIT,NONE,10,"NMFS fall BTS",FALL,1980,"Biomass (kg/tow)",2.7171,.1685,2.0295,3.5196,N,2.7171
"SQUID, SHORTFIN ILLEX",082521,UNIT,NONE,10,"NMFS fall BTS",FALL,1981,"Biomass (kg/tow)",9.3451,.3527,4.6828,15.5636,Y,
"SQUID, SHORTFIN ILLEX",082521,UNIT,NONE,10,"NMFS fall BTS",FALL,1982,"Biomass (kg/tow)",.5845,.0991,.4897,.6792,Y,
"SQUID, SHORTFIN ILLEX",082521,UNIT,NONE,10,"NMFS fall BTS",FALL,1983,"Biomass (kg/tow)",.2401,.1007,.2015,.2823,N,.2401
"SQUID, SHORTFIN ILLEX",082521,UNIT,NONE,10,"NMFS fall BTS",FALL,1984,"Biomass (kg/tow)",.5409,.1502,.4154,.6816,N,.5409
"SQUID, SHORTFIN ILLEX",082521,UNIT,NONE,10,"NMFS fall BTS",FALL,1985,"Biomass (kg/tow)",.3064,.1612,.2355,.391,Y,
"SQUID, SHORTFIN ILLEX",082521,UNIT,NONE,10,"NMFS fall BTS",FALL,1986,"Biomass (kg/tow)",.2659,.1352,.2083,.3303,Y,
"SQUID, SHORTFIN ILLEX",082521,UNIT,NONE,10,"NMFS fall BTS",FALL,1987,"Biomass (kg/tow)",1.8463,.3404,.9558,3.0505,N,1.8463
"SQUID, SHORTFIN ILLEX",082521,UNIT,NONE,10,"NMFS fall BTS",FALL,1988,"Biomass (kg/tow)",3.5342,.3361,1.9045,5.6473,N,3.5342
"SQUID, SHORTFIN ILLEX",082521,UNIT,NONE,10,"NMFS fall BTS",FALL,1989,"Biomass (kg/tow)",1.59,.2097,1.1071,2.2172,N,1.59
"SQUID, SHORTFIN ILLEX",082521,UNIT,NONE,10,"NMFS fall BTS",FALL,1990,"Biomass (kg/tow)",2.2858,.0788,2.0057,2.5974,N,2.2858
"SQUID, SHORTFIN ILLEX",082521,UNIT,NONE,10,"NMFS fall BTS",FALL,1991,"Biomass (kg/tow)",.6944,.1153,.5762,.8338,N,.6944
"SQUID, SHORTFIN ILLEX",082521,UNIT,NONE,10,"NMFS fall BTS",FALL,1992,"Biomass (kg/tow)",.8294,.1043,.7022,.9936,N,.8294
"SQUID, SHORTFIN ILLEX",082521,UNIT,NONE,10,"NMFS fall BTS",FALL,1993,"Biomass (kg/tow)",1.7293,.2233,1.1559,2.4425,N,1.7293
"SQUID, SHORTFIN ILLEX",082521,UNIT,NONE,10,"NMFS fall BTS",FALL,1994,"Biomass (kg/tow)",.8958,.2126,.5927,1.2193,N,.8958
"SQUID, SHORTFIN ILLEX",082521,UNIT,NONE,10,"NMFS fall BTS",FALL,1995,"Biomass (kg/tow)",.6835,.278,.3754,.9942,N,.6835
"SQUID, SHORTFIN ILLEX",082521,UNIT,NONE,10,"NMFS fall BTS",FALL,1996,"Biomass (kg/tow)",1.057,.1979,.7389,1.4335,N,1.057
"SQUID, SHORTFIN ILLEX",082521,UNIT,NONE,10,"NMFS fall BTS",FALL,1997,"Biomass (kg/tow)",.5072,.1232,.4074,.6117,N,.5072
"SQUID, SHORTFIN ILLEX",082521,UNIT,NONE,10,"NMFS fall BTS",FALL,1998,"Biomass (kg/tow)",1.3892,.3661,.5654,2.2015,N,1.3892
"SQUID, SHORTFIN ILLEX",082521,UNIT,NONE,10,"NMFS fall BTS",FALL,1999,"Biomass (kg/tow)",.1916,.1374,.1486,.2355,N,.1916
"SQUID, SHORTFIN ILLEX",082521,UNIT,NONE,10,"NMFS fall BTS",FALL,2000,"Biomass (kg/tow)",.6902,.163,.509,.8771,N,.6902
"SQUID, SHORTFIN ILLEX",082521,UNIT,NONE,10,"NMFS fall BTS",FALL,2001,"Biomass (kg/tow)",.3109,.1302,.2441,.3746,N,.3109
"SQUID, SHORTFIN ILLEX",082521,UNIT,NONE,10,"NMFS fall BTS",FALL,2002,"Biomass (kg/tow)",.5186,.2292,.3424,.7278,N,.5186
"SQUID, SHORTFIN ILLEX",082521,UNIT,NONE,10,"NMFS fall BTS",FALL,2003,"Biomass (kg/tow)",1.988,.4609,.5882,3.3379,N,1.988
"SQUID, SHORTFIN ILLEX",082521,UNIT,NONE,10,"NMFS fall BTS",FALL,2004,"Biomass (kg/tow)",.4105,.0946,.3481,.477,N,.4105
"SQUID, SHORTFIN ILLEX",082521,UNIT,NONE,10,"NMFS fall BTS",FALL,2005,"Biomass (kg/tow)",.7242,.2977,.3742,1.0645,N,.7242
"SQUID, SHORTFIN ILLEX",082521,UNIT,NONE,10,"NMFS fall BTS",FALL,2006,"Biomass (kg/tow)",2.7568,.2177,1.7436,3.7597,N,2.7568
"SQUID, SHORTFIN ILLEX",082521,UNIT,NONE,10,"NMFS fall BTS",FALL,2007,"Biomass (kg/tow)",1.3133,.0689,1.1729,1.4732,N,1.3133
"SQUID, SHORTFIN ILLEX",082521,UNIT,NONE,10,"NMFS fall BTS",FALL,2008,"Biomass (kg/tow)",.9162,.1109,.7546,1.0934,N,.9162
"SQUID, SHORTFIN ILLEX",082521,UNIT,NONE,10,"NMFS fall BTS",FALL,2009,"Biomass (kg/tow)",.9319,.2298,.6416,1.3412,N,.9319
"SQUID, SHORTFIN ILLEX",082521,UNIT,NONE,10,"NMFS fall BTS",FALL,2010,"Biomass (kg/tow)",.4769,.1526,.3702,.6036,N,.4769
"SQUID, SHORTFIN ILLEX",082521,UNIT,NONE,10,"NMFS fall BTS",FALL,2011,"Biomass (kg/tow)",.4909,.1102,.4026,.5774,N,.4909
"SQUID, SHORTFIN ILLEX",082521,UNIT,NONE,10,"NMFS fall BTS",FALL,2012,"Biomass (kg/tow)",.5434,.1109,.4463,.6449,N,.5434
"SQUID, SHORTFIN ILLEX",082521,UNIT,NONE,10,"NMFS fall BTS",FALL,2013,"Biomass (kg/tow)",.36,.1386,.2875,.4518,N,.36
"SQUID, SHORTFIN ILLEX",082521,UNIT,NONE,10,"NMFS fall BTS",FALL,2014,"Biomass (kg/tow)",.5727,.0809,.4979,.6505,N,.5727
"SQUID, SHORTFIN ILLEX",082521,UNIT,NONE,10,"NMFS fall BTS",FALL,2015,"Biomass (kg/tow)",.4632,.1048,.3819,.5398,N,.4632
"SQUID, SHORTFIN ILLEX",082521,UNIT,NONE,10,"NMFS fall BTS",FALL,2016,"Biomass (kg/tow)",.6297,.2057,.4161,.8439,N,.6297
"SQUID, SHORTFIN ILLEX",082521,UNIT,NONE,10,"NMFS fall BTS",FALL,2017,"Biomass (kg/tow)",.5599,.2744,.3323,.8287,N,.5599
"SQUID, SHORTFIN ILLEX",082521,UNIT,NONE,10,"NMFS fall BTS",FALL,2018,"Biomass (kg/tow)",1.2271,.089,1.0584,1.4205,N,1.2271
"SQUID, SHORTFIN ILLEX",082521,UNIT,NONE,10,"NMFS fall BTS",FALL,2019,"Biomass (kg/tow)",.5861,.1411,.4612,.7322,N,.5861
"SQUID, SHORTFIN ILLEX",082521,UNIT,NONE,10,"NMFS fall BTS",FALL,2020,"Biomass (kg/tow)",,,,,,
"SQUID, SHORTFIN ILLEX",082521,UNIT,NONE,10,"NMFS fall BTS",FALL,2021,"Biomass (kg/tow)",.5697,.1117,.4679,.6805,N,.5697
"SQUID, SHORTFIN ILLEX",082521,UNIT,NONE,10,"NMFS fall BTS",FALL,2022,"Biomass (kg/tow)",.8567,.3309,.4613,1.2939,N,.8567
"SQUID, SHORTFIN ILLEX",082521,UNIT,NONE,10,"NMFS fall BTS",FALL,2023,"Biomass (kg/tow)",.3607,.1313,.2877,.4434,N,.3607
"SQUID, SHORTFIN ILLEX",082521,UNIT,NONE,10,"NMFS fall BTS",FALL,2024,"Biomass (kg/tow)",.2541,.2256,.1672,.3581,N,.2541
"SQUID, SHORTFIN ILLEX",082521,UNIT,NONE,10,"NMFS fall BTS",FALL,2025,"Biomass (kg/tow)",1.2368,.3871,.5821,2.1425,N,1.2368
"SQUID, SHORTFIN ILLEX",082521,UNIT,NONE,10,"NMFS spring BTS",SPRING,1968,"Biomass (kg/tow)",.0212,.3459,.0099,.0338,Y,
"SQUID, SHORTFIN ILLEX",082521,UNIT,NONE,10,"NMFS spring BTS",SPRING,1969,"Biomass (kg/tow)",.0315,.4309,.0124,.0565,Y,
"SQUID, SHORTFIN ILLEX",082521,UNIT,NONE,10,"NMFS spring BTS",SPRING,1970,"Biomass (kg/tow)",.0255,.2213,.016,.0351,Y,
"SQUID, SHORTFIN ILLEX",082521,UNIT,NONE,10,"NMFS spring BTS",SPRING,1971,"Biomass (kg/tow)",.0096,.3057,.0053,.0148,Y,
"SQUID, SHORTFIN ILLEX",082521,UNIT,NONE,10,"NMFS spring BTS",SPRING,1972,"Biomass (kg/tow)",.0026,.2454,.0015,.0036,Y,
"SQUID, SHORTFIN ILLEX",082521,UNIT,NONE,10,"NMFS spring BTS",SPRING,1973,"Biomass (kg/tow)",.0074,.4413,.0028,.0136,Y,
"SQUID, SHORTFIN ILLEX",082521,UNIT,NONE,10,"NMFS spring BTS",SPRING,1974,"Biomass (kg/tow)",.0516,.2896,.0293,.0788,Y,
"SQUID, SHORTFIN ILLEX",082521,UNIT,NONE,10,"NMFS spring BTS",SPRING,1975,"Biomass (kg/tow)",.0154,.2166,.0099,.0207,N,.0154
"SQUID, SHORTFIN ILLEX",082521,UNIT,NONE,10,"NMFS spring BTS",SPRING,1976,"Biomass (kg/tow)",.02,.176,.0141,.0261,Y,
"SQUID, SHORTFIN ILLEX",082521,UNIT,NONE,10,"NMFS spring BTS",SPRING,1977,"Biomass (kg/tow)",.0125,.1357,.0098,.0156,Y,
"SQUID, SHORTFIN ILLEX",082521,UNIT,NONE,10,"NMFS spring BTS",SPRING,1978,"Biomass (kg/tow)",.0471,.3499,.0169,.0728,Y,
"SQUID, SHORTFIN ILLEX",082521,UNIT,NONE,10,"NMFS spring BTS",SPRING,1979,"Biomass (kg/tow)",.0434,.2085,.0295,.0596,Y,
"SQUID, SHORTFIN ILLEX",082521,UNIT,NONE,10,"NMFS spring BTS",SPRING,1980,"Biomass (kg/tow)",.0228,.1863,.0163,.031,Y,
"SQUID, SHORTFIN ILLEX",082521,UNIT,NONE,10,"NMFS spring BTS",SPRING,1981,"Biomass (kg/tow)",.0554,.2238,.0362,.0778,N,.0554
"SQUID, SHORTFIN ILLEX",082521,UNIT,NONE,10,"NMFS spring BTS",SPRING,1982,"Biomass (kg/tow)",.0333,.1689,.0244,.0428,Y,
"SQUID, SHORTFIN ILLEX",082521,UNIT,NONE,10,"NMFS spring BTS",SPRING,1983,"Biomass (kg/tow)",.0035,.2162,.0022,.0047,Y,
"SQUID, SHORTFIN ILLEX",082521,UNIT,NONE,10,"NMFS spring BTS",SPRING,1984,"Biomass (kg/tow)",.0046,.2639,.0027,.0067,Y,
"SQUID, SHORTFIN ILLEX",082521,UNIT,NONE,10,"NMFS spring BTS",SPRING,1985,"Biomass (kg/tow)",.0245,.3233,.0121,.0386,Y,
"SQUID, SHORTFIN ILLEX",082521,UNIT,NONE,10,"NMFS spring BTS",SPRING,1986,"Biomass (kg/tow)",.0072,.2874,.0041,.011,Y,
"SQUID, SHORTFIN ILLEX",082521,UNIT,NONE,10,"NMFS spring BTS",SPRING,1987,"Biomass (kg/tow)",.0135,.3194,.0067,.0213,N,.0135
"SQUID, SHORTFIN ILLEX",082521,UNIT,NONE,10,"NMFS spring BTS",SPRING,1988,"Biomass (kg/tow)",.0115,.3268,.0056,.0177,N,.0115
"SQUID, SHORTFIN ILLEX",082521,UNIT,NONE,10,"NMFS spring BTS",SPRING,1989,"Biomass (kg/tow)",.0287,.2149,.0184,.0399,N,.0287
"SQUID, SHORTFIN ILLEX",082521,UNIT,NONE,10,"NMFS spring BTS",SPRING,1990,"Biomass (kg/tow)",.0192,.2098,.0129,.0258,N,.0192
"SQUID, SHORTFIN ILLEX",082521,UNIT,NONE,10,"NMFS spring BTS",SPRING,1991,"Biomass (kg/tow)",.0449,.2854,.0253,.0644,N,.0449
"SQUID, SHORTFIN ILLEX",082521,UNIT,NONE,10,"NMFS spring BTS",SPRING,1992,"Biomass (kg/tow)",.024,.1689,.0173,.0307,N,.024
"SQUID, SHORTFIN ILLEX",082521,UNIT,NONE,10,"NMFS spring BTS",SPRING,1993,"Biomass (kg/tow)",.031,.1986,.0213,.0415,N,.031
"SQUID, SHORTFIN ILLEX",082521,UNIT,NONE,10,"NMFS spring BTS",SPRING,1994,"Biomass (kg/tow)",.0393,.2155,.0261,.0532,N,.0393
"SQUID, SHORTFIN ILLEX",082521,UNIT,NONE,10,"NMFS spring BTS",SPRING,1995,"Biomass (kg/tow)",.0227,.1572,.017,.0289,N,.0227
"SQUID, SHORTFIN ILLEX",082521,UNIT,NONE,10,"NMFS spring BTS",SPRING,1996,"Biomass (kg/tow)",.0074,.3426,.0036,.0117,N,.0074
"SQUID, SHORTFIN ILLEX",082521,UNIT,NONE,10,"NMFS spring BTS",SPRING,1997,"Biomass (kg/tow)",.0914,.3372,.0426,.1406,N,.0914
"SQUID, SHORTFIN ILLEX",082521,UNIT,NONE,10,"NMFS spring BTS",SPRING,1998,"Biomass (kg/tow)",.0397,.4062,.0115,.0683,N,.0397
"SQUID, SHORTFIN ILLEX",082521,UNIT,NONE,10,"NMFS spring BTS",SPRING,1999,"Biomass (kg/tow)",.0266,.1303,.0207,.0322,N,.0266
"SQUID, SHORTFIN ILLEX",082521,UNIT,NONE,10,"NMFS spring BTS",SPRING,2000,"Biomass (kg/tow)",.0061,.1037,.0051,.0072,N,.0061
"SQUID, SHORTFIN ILLEX",082521,UNIT,NONE,10,"NMFS spring BTS",SPRING,2001,"Biomass (kg/tow)",.0183,.2511,.011,.0261,N,.0183
"SQUID, SHORTFIN ILLEX",082521,UNIT,NONE,10,"NMFS spring BTS",SPRING,2002,"Biomass (kg/tow)",.012,.3934,.0044,.0196,N,.012
"SQUID, SHORTFIN ILLEX",082521,UNIT,NONE,10,"NMFS spring BTS",SPRING,2003,"Biomass (kg/tow)",.004,.2507,.0025,.0057,N,.004
"SQUID, SHORTFIN ILLEX",082521,UNIT,NONE,10,"NMFS spring BTS",SPRING,2004,"Biomass (kg/tow)",.0244,.5907,.0055,.0436,N,.0244
"SQUID, SHORTFIN ILLEX",082521,UNIT,NONE,10,"NMFS spring BTS",SPRING,2005,"Biomass (kg/tow)",.0024,.1938,.0017,.0032,N,.0024
"SQUID, SHORTFIN ILLEX",082521,UNIT,NONE,10,"NMFS spring BTS",SPRING,2006,"Biomass (kg/tow)",.0213,.2407,.0129,.0295,N,.0213
"SQUID, SHORTFIN ILLEX",082521,UNIT,NONE,10,"NMFS spring BTS",SPRING,2007,"Biomass (kg/tow)",.0269,.2588,.0155,.0383,N,.0269
"SQUID, SHORTFIN ILLEX",082521,UNIT,NONE,10,"NMFS spring BTS",SPRING,2008,"Biomass (kg/tow)",.0095,.2442,.0056,.0132,N,.0095
"SQUID, SHORTFIN ILLEX",082521,UNIT,NONE,10,"NMFS spring BTS",SPRING,2009,"Biomass (kg/tow)",.0684,.2788,.038,.1,N,.0684
"SQUID, SHORTFIN ILLEX",082521,UNIT,NONE,10,"NMFS spring BTS",SPRING,2010,"Biomass (kg/tow)",.0198,.3688,.0103,.0338,N,.0198
"SQUID, SHORTFIN ILLEX",082521,UNIT,NONE,10,"NMFS spring BTS",SPRING,2011,"Biomass (kg/tow)",.056,.3021,.0318,.0853,N,.056
"SQUID, SHORTFIN ILLEX",082521,UNIT,NONE,10,"NMFS spring BTS",SPRING,2012,"Biomass (kg/tow)",.1618,.1726,.1169,.2079,N,.1618
"SQUID, SHORTFIN ILLEX",082521,UNIT,NONE,10,"NMFS spring BTS",SPRING,2013,"Biomass (kg/tow)",.0037,.1882,.0026,.0049,N,.0037
"SQUID, SHORTFIN ILLEX",082521,UNIT,NONE,10,"NMFS spring BTS",SPRING,2014,"Biomass (kg/tow)",.1868,.5881,.0412,.3367,N,.1868
"SQUID, SHORTFIN ILLEX",082521,UNIT,NONE,10,"NMFS spring BTS",SPRING,2015,"Biomass (kg/tow)",.0377,.1447,.029,.0469,N,.0377
"SQUID, SHORTFIN ILLEX",082521,UNIT,NONE,10,"NMFS spring BTS",SPRING,2016,"Biomass (kg/tow)",.4815,.3233,.242,.7623,N,.4815
"SQUID, SHORTFIN ILLEX",082521,UNIT,NONE,10,"NMFS spring BTS",SPRING,2017,"Biomass (kg/tow)",.0493,.2022,.0343,.0668,N,.0493
"SQUID, SHORTFIN ILLEX",082521,UNIT,NONE,10,"NMFS spring BTS",SPRING,2018,"Biomass (kg/tow)",.0702,.1627,.0509,.0882,N,.0702
"SQUID, SHORTFIN ILLEX",082521,UNIT,NONE,10,"NMFS spring BTS",SPRING,2019,"Biomass (kg/tow)",.4749,.5715,.1207,.8699,N,.4749
"SQUID, SHORTFIN ILLEX",082521,UNIT,NONE,10,"NMFS spring BTS",SPRING,2020,"Biomass (kg/tow)",.0659,.2998,.0331,.1002,N,.0659
"SQUID, SHORTFIN ILLEX",082521,UNIT,NONE,10,"NMFS spring BTS",SPRING,2021,"Biomass (kg/tow)",.4612,.5332,.1356,.9554,N,.4612
"SQUID, SHORTFIN ILLEX",082521,UNIT,NONE,10,"NMFS spring BTS",SPRING,2022,"Biomass (kg/tow)",.0786,.182,.0566,.1036,N,.0786
"SQUID, SHORTFIN ILLEX",082521,UNIT,NONE,10,"NMFS spring BTS",SPRING,2023,"Biomass (kg/tow)",.3255,.6226,.0937,.7283,N,.3255
"SQUID, SHORTFIN ILLEX",082521,UNIT,NONE,10,"NMFS spring BTS",SPRING,2024,"Biomass (kg/tow)",.0334,.4409,.0128,.0554,N,.0334
"SQUID, SHORTFIN ILLEX",082521,UNIT,NONE,10,"NMFS spring BTS",SPRING,2025,"Biomass (kg/tow)",.0261,.2025,.0181,.0356,N,.0261
